{
    "rmse": 0.7123267773940334,
    "mae": 0.5635841705719962,
    "r2": 0.23107874884337842
}