{
    "rmse": 0.7899351860934433,
    "mae": 0.6198384534696167,
    "r2": 0.1538938474786654
}